filename,precision,recall,f1
en_trans_Deepseek-R1+RAG.json,0.8706490397453308,0.870225191116333,0.8701711893081665
en_trans_Deepseek-R1.json,0.830848217010498,0.8329271078109741,0.8315789699554443
