filename,precision,recall,f1
en_trans_Deepseek-R1+RAG.json,0.8416748642921448,0.8477819561958313,0.8443792462348938
en_trans_Deepseek-R1.json,0.8020384907722473,0.8028024435043335,0.8021267652511597
